Reference, Quantity, Value, Footprint, Datasheet, MANUFACTURER, MAXIMUM_PACKAGE_HEIGHT, PARTREV, STANDARD
C1 C3 ,2,"10uF","","~"
C2 C9 C10 ,3,"0.1uF(25V/10%)","","~"
C4 ,1,"2.7pF","","~"
C6 ,1,"4.7pF","","~"
C5 C7 ,2,"0.1uF","","~"
C8 ,1,"100uF","","~"
D1 D3 D4 ,3,"ESD_DIODE","","~"
D2 ,1,"D","","~"
E1 ,1,"PRO-OB-440","ANT_PRO-OB-440","","Proant AB","3.53mm","3.2","Manufacturer Recommendations"
J1 ,1,"USBCONN_MICRO",""," ~"
L1 ,1,"1.6nH","","~"
Q1 Q2 ,2,"S8050","Package_TO_SOT_THT:TO-92_Inline","http://www.unisonic.com.tw/datasheet/S8050.pdf"
R1 ,1,"10k (1%)","","~"
R2 R9 R10 R13 R14 ,5,"0(1%)","","~"
R3 ,1,"22.1K(1%0","","~"
R4 ,1,"47.5K(1%)","","~"
R5 ,1,"2K","","~"
R6 R11 R12 ,3,"10K(1%)","","~"
R7 R8 ,2,"1K(1%)","","~"
SW1 SW2 ,2,"SW_Push","","~"
TP1 ,1,"Moisture","","~"
TP2 ,1,"Fertility","","~"
TP3 ,1,"pH","","~"
U1 ,1,"ZLDO1117G33TA","SOT230P700X180-4N","","Diodes Inc.","1.8 mm","6-2","Manufacturer Recommendations"
U2 ,1,"ESP32-PICO-D4","PQFN50P700X700X104-49N","","Espressif Systems","1.04 mm","v1.9","IPC 7351B"
U3 ,1,"CP2103-GMR","QFN-050P5_1X5_1X1_0-28",""