<?xml version="1.0" encoding="UTF-8"?>
<export version="D">
  <design>
    <source>C:\Users\micronaut\Desktop\SeniorDes_PCB\SeniorDes_PCB.sch</source>
    <date>9/27/2021 7:17:02 PM</date>
    <tool>Eeschema (5.1.10)-1</tool>
    <sheet number="1" name="/" tstamps="/">
      <title_block>
        <title/>
        <company/>
        <rev/>
        <date/>
        <source>SeniorDes_PCB.sch</source>
        <comment number="1" value=""/>
        <comment number="2" value=""/>
        <comment number="3" value=""/>
        <comment number="4" value=""/>
      </title_block>
    </sheet>
  </design>
  <components>
    <comp ref="U3">
      <value>CP2103-GMR</value>
      <footprint>QFN-050P5_1X5_1X1_0-28</footprint>
      <libsource lib="cp2103" part="CP2103-GMR" description=""/>
      <sheetpath names="/" tstamps="/"/>
      <tstamp>614A8F0F</tstamp>
    </comp>
    <comp ref="J1">
      <value>USBCONN_MICRO</value>
      <datasheet> ~</datasheet>
      <libsource lib="Connector" part="USB_OTG" description="USB mini/micro connector"/>
      <sheetpath names="/" tstamps="/"/>
      <tstamp>61513F57</tstamp>
    </comp>
    <comp ref="TP1">
      <value>Moisture</value>
      <datasheet>~</datasheet>
      <libsource lib="Connector" part="TestPoint" description="test point"/>
      <sheetpath names="/" tstamps="/"/>
      <tstamp>6151858E</tstamp>
    </comp>
    <comp ref="C8">
      <value>100uF</value>
      <datasheet>~</datasheet>
      <libsource lib="Device" part="C" description="Unpolarized capacitor"/>
      <sheetpath names="/" tstamps="/"/>
      <tstamp>61518D8A</tstamp>
    </comp>
    <comp ref="C1">
      <value>10uF</value>
      <datasheet>~</datasheet>
      <libsource lib="Device" part="C" description="Unpolarized capacitor"/>
      <sheetpath names="/" tstamps="/"/>
      <tstamp>6151940B</tstamp>
    </comp>
    <comp ref="U1">
      <value>ZLDO1117G33TA</value>
      <footprint>SOT230P700X180-4N</footprint>
      <fields>
        <field name="MANUFACTURER">Diodes Inc.</field>
        <field name="MAXIMUM_PACKAGE_HEIGHT">1.8 mm</field>
        <field name="PARTREV">6-2</field>
        <field name="STANDARD">Manufacturer Recommendations</field>
      </fields>
      <libsource lib="ZLDO1117G33TA" part="ZLDO1117G33TA" description=""/>
      <sheetpath names="/" tstamps="/"/>
      <tstamp>61515FC3</tstamp>
    </comp>
    <comp ref="SW1">
      <value>SW_Push</value>
      <datasheet>~</datasheet>
      <libsource lib="Switch" part="SW_Push" description="Push button switch, generic, two pins"/>
      <sheetpath names="/" tstamps="/"/>
      <tstamp>61531059</tstamp>
    </comp>
    <comp ref="R2">
      <value>0(1%)</value>
      <datasheet>~</datasheet>
      <libsource lib="Device" part="R" description="Resistor"/>
      <sheetpath names="/" tstamps="/"/>
      <tstamp>61542577</tstamp>
    </comp>
    <comp ref="C7">
      <value>0.1uF</value>
      <datasheet>~</datasheet>
      <libsource lib="Device" part="C" description="Unpolarized capacitor"/>
      <sheetpath names="/" tstamps="/"/>
      <tstamp>61542C38</tstamp>
    </comp>
    <comp ref="C3">
      <value>10uF</value>
      <datasheet>~</datasheet>
      <libsource lib="Device" part="C" description="Unpolarized capacitor"/>
      <sheetpath names="/" tstamps="/"/>
      <tstamp>61542F2D</tstamp>
    </comp>
    <comp ref="C4">
      <value>2.7pF</value>
      <datasheet>~</datasheet>
      <libsource lib="Device" part="C" description="Unpolarized capacitor"/>
      <sheetpath names="/" tstamps="/"/>
      <tstamp>615615B7</tstamp>
    </comp>
    <comp ref="C6">
      <value>4.7pF</value>
      <datasheet>~</datasheet>
      <libsource lib="Device" part="C" description="Unpolarized capacitor"/>
      <sheetpath names="/" tstamps="/"/>
      <tstamp>61561D43</tstamp>
    </comp>
    <comp ref="L1">
      <value>1.6nH</value>
      <datasheet>~</datasheet>
      <libsource lib="Device" part="L" description="Inductor"/>
      <sheetpath names="/" tstamps="/"/>
      <tstamp>6156273E</tstamp>
    </comp>
    <comp ref="E1">
      <value>PRO-OB-440</value>
      <footprint>ANT_PRO-OB-440</footprint>
      <fields>
        <field name="MANUFACTURER">Proant AB</field>
        <field name="MAXIMUM_PACKAGE_HEIGHT">3.53mm</field>
        <field name="PARTREV">3.2</field>
        <field name="STANDARD">Manufacturer Recommendations</field>
      </fields>
      <libsource lib="PRO-OB-440" part="PRO-OB-440" description=""/>
      <sheetpath names="/" tstamps="/"/>
      <tstamp>615153C9</tstamp>
    </comp>
    <comp ref="C5">
      <value>0.1uF</value>
      <datasheet>~</datasheet>
      <libsource lib="Device" part="C" description="Unpolarized capacitor"/>
      <sheetpath names="/" tstamps="/"/>
      <tstamp>615728E1</tstamp>
    </comp>
    <comp ref="C2">
      <value>0.1uF(25V/10%)</value>
      <datasheet>~</datasheet>
      <libsource lib="Device" part="C" description="Unpolarized capacitor"/>
      <sheetpath names="/" tstamps="/"/>
      <tstamp>615775D6</tstamp>
    </comp>
    <comp ref="R1">
      <value>10k (1%)</value>
      <datasheet>~</datasheet>
      <libsource lib="Device" part="R" description="Resistor"/>
      <sheetpath names="/" tstamps="/"/>
      <tstamp>61578479</tstamp>
    </comp>
    <comp ref="R6">
      <value>10K(1%)</value>
      <datasheet>~</datasheet>
      <libsource lib="Device" part="R" description="Resistor"/>
      <sheetpath names="/" tstamps="/"/>
      <tstamp>615A7AFA</tstamp>
    </comp>
    <comp ref="R5">
      <value>2K</value>
      <datasheet>~</datasheet>
      <libsource lib="Device" part="R" description="Resistor"/>
      <sheetpath names="/" tstamps="/"/>
      <tstamp>615A83F9</tstamp>
    </comp>
    <comp ref="C10">
      <value>0.1uF(25V/10%)</value>
      <datasheet>~</datasheet>
      <libsource lib="Device" part="C" description="Unpolarized capacitor"/>
      <sheetpath names="/" tstamps="/"/>
      <tstamp>615D5C93</tstamp>
    </comp>
    <comp ref="R3">
      <value>22.1K(1%0</value>
      <datasheet>~</datasheet>
      <libsource lib="Device" part="R" description="Resistor"/>
      <sheetpath names="/" tstamps="/"/>
      <tstamp>615D9BF0</tstamp>
    </comp>
    <comp ref="R4">
      <value>47.5K(1%)</value>
      <datasheet>~</datasheet>
      <libsource lib="Device" part="R" description="Resistor"/>
      <sheetpath names="/" tstamps="/"/>
      <tstamp>615DA7DE</tstamp>
    </comp>
    <comp ref="D1">
      <value>ESD_DIODE</value>
      <datasheet>~</datasheet>
      <libsource lib="Device" part="D" description="Diode"/>
      <sheetpath names="/" tstamps="/"/>
      <tstamp>6161B462</tstamp>
    </comp>
    <comp ref="D3">
      <value>ESD_DIODE</value>
      <datasheet>~</datasheet>
      <libsource lib="Device" part="D" description="Diode"/>
      <sheetpath names="/" tstamps="/"/>
      <tstamp>6161CA54</tstamp>
    </comp>
    <comp ref="D4">
      <value>ESD_DIODE</value>
      <datasheet>~</datasheet>
      <libsource lib="Device" part="D" description="Diode"/>
      <sheetpath names="/" tstamps="/"/>
      <tstamp>6161E182</tstamp>
    </comp>
    <comp ref="D2">
      <value>D</value>
      <datasheet>~</datasheet>
      <libsource lib="Device" part="D" description="Diode"/>
      <sheetpath names="/" tstamps="/"/>
      <tstamp>6161E188</tstamp>
    </comp>
    <comp ref="R14">
      <value>0(1%)</value>
      <datasheet>~</datasheet>
      <libsource lib="Device" part="R" description="Resistor"/>
      <sheetpath names="/" tstamps="/"/>
      <tstamp>6162589B</tstamp>
    </comp>
    <comp ref="R13">
      <value>0(1%)</value>
      <datasheet>~</datasheet>
      <libsource lib="Device" part="R" description="Resistor"/>
      <sheetpath names="/" tstamps="/"/>
      <tstamp>61626D27</tstamp>
    </comp>
    <comp ref="C9">
      <value>0.1uF(25V/10%)</value>
      <datasheet>~</datasheet>
      <libsource lib="Device" part="C" description="Unpolarized capacitor"/>
      <sheetpath names="/" tstamps="/"/>
      <tstamp>6177782E</tstamp>
    </comp>
    <comp ref="SW2">
      <value>SW_Push</value>
      <datasheet>~</datasheet>
      <libsource lib="Switch" part="SW_Push" description="Push button switch, generic, two pins"/>
      <sheetpath names="/" tstamps="/"/>
      <tstamp>61777816</tstamp>
    </comp>
    <comp ref="U2">
      <value>ESP32-PICO-D4</value>
      <footprint>PQFN50P700X700X104-49N</footprint>
      <fields>
        <field name="MANUFACTURER">Espressif Systems</field>
        <field name="MAXIMUM_PACKAGE_HEIGHT">1.04 mm</field>
        <field name="PARTREV">v1.9</field>
        <field name="STANDARD">IPC 7351B</field>
      </fields>
      <libsource lib="ESP32-PICO-D4" part="ESP32-PICO-D4" description=""/>
      <sheetpath names="/" tstamps="/"/>
      <tstamp>61493AF5</tstamp>
    </comp>
    <comp ref="TP2">
      <value>Fertility</value>
      <datasheet>~</datasheet>
      <libsource lib="Connector" part="TestPoint" description="test point"/>
      <sheetpath names="/" tstamps="/"/>
      <tstamp>6188A9EB</tstamp>
    </comp>
    <comp ref="TP3">
      <value>pH</value>
      <datasheet>~</datasheet>
      <libsource lib="Connector" part="TestPoint" description="test point"/>
      <sheetpath names="/" tstamps="/"/>
      <tstamp>6188E0F0</tstamp>
    </comp>
    <comp ref="R11">
      <value>10K(1%)</value>
      <datasheet>~</datasheet>
      <libsource lib="Device" part="R" description="Resistor"/>
      <sheetpath names="/" tstamps="/"/>
      <tstamp>616ED41E</tstamp>
    </comp>
    <comp ref="R12">
      <value>10K(1%)</value>
      <datasheet>~</datasheet>
      <libsource lib="Device" part="R" description="Resistor"/>
      <sheetpath names="/" tstamps="/"/>
      <tstamp>616ED418</tstamp>
    </comp>
    <comp ref="Q2">
      <value>S8050</value>
      <footprint>Package_TO_SOT_THT:TO-92_Inline</footprint>
      <datasheet>http://www.unisonic.com.tw/datasheet/S8050.pdf</datasheet>
      <libsource lib="Transistor_BJT" part="S8050" description="0.7A Ic, 20V Vce, Low Voltage High Current NPN Transistor, TO-92"/>
      <sheetpath names="/" tstamps="/"/>
      <tstamp>6152F0E9</tstamp>
    </comp>
    <comp ref="Q1">
      <value>S8050</value>
      <footprint>Package_TO_SOT_THT:TO-92_Inline</footprint>
      <datasheet>http://www.unisonic.com.tw/datasheet/S8050.pdf</datasheet>
      <libsource lib="Transistor_BJT" part="S8050" description="0.7A Ic, 20V Vce, Low Voltage High Current NPN Transistor, TO-92"/>
      <sheetpath names="/" tstamps="/"/>
      <tstamp>6152E2DB</tstamp>
    </comp>
    <comp ref="R7">
      <value>1K(1%)</value>
      <datasheet>~</datasheet>
      <libsource lib="Device" part="R" description="Resistor"/>
      <sheetpath names="/" tstamps="/"/>
      <tstamp>61695C4E</tstamp>
    </comp>
    <comp ref="R8">
      <value>1K(1%)</value>
      <datasheet>~</datasheet>
      <libsource lib="Device" part="R" description="Resistor"/>
      <sheetpath names="/" tstamps="/"/>
      <tstamp>61695C48</tstamp>
    </comp>
    <comp ref="R10">
      <value>0(1%)</value>
      <datasheet>~</datasheet>
      <libsource lib="Device" part="R" description="Resistor"/>
      <sheetpath names="/" tstamps="/"/>
      <tstamp>6167F9CC</tstamp>
    </comp>
    <comp ref="R9">
      <value>0(1%)</value>
      <datasheet>~</datasheet>
      <libsource lib="Device" part="R" description="Resistor"/>
      <sheetpath names="/" tstamps="/"/>
      <tstamp>6167F9C6</tstamp>
    </comp>
  </components>
  <libparts>
    <libpart lib="Connector" part="TestPoint">
      <description>test point</description>
      <docs>~</docs>
      <footprints>
        <fp>Pin*</fp>
        <fp>Test*</fp>
      </footprints>
      <fields>
        <field name="Reference">TP</field>
        <field name="Value">TestPoint</field>
      </fields>
      <pins>
        <pin num="1" name="1" type="passive"/>
      </pins>
    </libpart>
    <libpart lib="Connector" part="USB_OTG">
      <description>USB mini/micro connector</description>
      <docs> ~</docs>
      <footprints>
        <fp>USB*</fp>
      </footprints>
      <fields>
        <field name="Reference">J</field>
        <field name="Value">USB_OTG</field>
      </fields>
      <pins>
        <pin num="1" name="VBUS" type="passive"/>
        <pin num="2" name="D-" type="BiDi"/>
        <pin num="3" name="D+" type="BiDi"/>
        <pin num="4" name="ID" type="passive"/>
        <pin num="5" name="GND" type="passive"/>
        <pin num="6" name="Shield" type="passive"/>
      </pins>
    </libpart>
    <libpart lib="Device" part="C">
      <description>Unpolarized capacitor</description>
      <docs>~</docs>
      <footprints>
        <fp>C_*</fp>
      </footprints>
      <fields>
        <field name="Reference">C</field>
        <field name="Value">C</field>
      </fields>
      <pins>
        <pin num="1" name="~" type="passive"/>
        <pin num="2" name="~" type="passive"/>
      </pins>
    </libpart>
    <libpart lib="Device" part="D">
      <description>Diode</description>
      <docs>~</docs>
      <footprints>
        <fp>TO-???*</fp>
        <fp>*_Diode_*</fp>
        <fp>*SingleDiode*</fp>
        <fp>D_*</fp>
      </footprints>
      <fields>
        <field name="Reference">D</field>
        <field name="Value">D</field>
      </fields>
      <pins>
        <pin num="1" name="K" type="passive"/>
        <pin num="2" name="A" type="passive"/>
      </pins>
    </libpart>
    <libpart lib="Device" part="L">
      <description>Inductor</description>
      <docs>~</docs>
      <footprints>
        <fp>Choke_*</fp>
        <fp>*Coil*</fp>
        <fp>Inductor_*</fp>
        <fp>L_*</fp>
      </footprints>
      <fields>
        <field name="Reference">L</field>
        <field name="Value">L</field>
      </fields>
      <pins>
        <pin num="1" name="1" type="passive"/>
        <pin num="2" name="2" type="passive"/>
      </pins>
    </libpart>
    <libpart lib="Device" part="R">
      <description>Resistor</description>
      <docs>~</docs>
      <footprints>
        <fp>R_*</fp>
      </footprints>
      <fields>
        <field name="Reference">R</field>
        <field name="Value">R</field>
      </fields>
      <pins>
        <pin num="1" name="~" type="passive"/>
        <pin num="2" name="~" type="passive"/>
      </pins>
    </libpart>
    <libpart lib="ESP32-PICO-D4" part="ESP32-PICO-D4">
      <fields>
        <field name="Reference">U</field>
        <field name="Value">ESP32-PICO-D4</field>
        <field name="Footprint">PQFN50P700X700X104-49N</field>
        <field name="PARTREV">v1.9</field>
        <field name="STANDARD">IPC 7351B</field>
        <field name="MAXIMUM_PACKAGE_HEIGHT">1.04 mm</field>
        <field name="MANUFACTURER">Espressif Systems</field>
      </fields>
      <pins>
        <pin num="1" name="VDDA" type="power_in"/>
        <pin num="2" name="LNA_IN" type="BiDi"/>
        <pin num="3" name="VDDA3P3" type="power_in"/>
        <pin num="4" name="VDDA3P3" type="power_in"/>
        <pin num="5" name="SENSOR_VP" type="input"/>
        <pin num="6" name="SENSOR_CAPP" type="input"/>
        <pin num="7" name="SENSOR_CAPN" type="input"/>
        <pin num="8" name="SENSOR_VN" type="input"/>
        <pin num="9" name="EN" type="input"/>
        <pin num="10" name="IO34" type="input"/>
        <pin num="11" name="IO35" type="input"/>
        <pin num="12" name="IO32" type="BiDi"/>
        <pin num="13" name="IO33" type="BiDi"/>
        <pin num="14" name="IO25" type="BiDi"/>
        <pin num="15" name="IO26" type="BiDi"/>
        <pin num="16" name="IO27" type="BiDi"/>
        <pin num="17" name="IO14" type="BiDi"/>
        <pin num="18" name="IO12" type="BiDi"/>
        <pin num="19" name="VDD3P3_RTC" type="power_in"/>
        <pin num="20" name="IO13" type="BiDi"/>
        <pin num="21" name="IO15" type="BiDi"/>
        <pin num="22" name="IO2" type="BiDi"/>
        <pin num="23" name="IO0" type="BiDi"/>
        <pin num="24" name="IO4" type="BiDi"/>
        <pin num="25" name="IO16" type="BiDi"/>
        <pin num="26" name="VDD_SDIO" type="power_in"/>
        <pin num="27" name="IO17" type="BiDi"/>
        <pin num="28" name="SD2" type="BiDi"/>
        <pin num="29" name="SD3" type="BiDi"/>
        <pin num="30" name="CMD" type="BiDi"/>
        <pin num="31" name="CLK" type="BiDi"/>
        <pin num="32" name="SD0" type="BiDi"/>
        <pin num="33" name="SD1" type="BiDi"/>
        <pin num="34" name="IO5" type="BiDi"/>
        <pin num="35" name="IO18" type="BiDi"/>
        <pin num="36" name="IO23" type="BiDi"/>
        <pin num="37" name="VDD3P3_CPU" type="power_in"/>
        <pin num="38" name="IO19" type="BiDi"/>
        <pin num="39" name="IO22" type="BiDi"/>
        <pin num="40" name="U0RXD" type="BiDi"/>
        <pin num="41" name="U0TXD" type="BiDi"/>
        <pin num="42" name="IO21" type="BiDi"/>
        <pin num="43" name="VDDA" type="power_in"/>
        <pin num="44" name="XTAL_N_NC" type="NotConnected"/>
        <pin num="45" name="XTAL_P_NC" type="NotConnected"/>
        <pin num="46" name="VDDA" type="power_in"/>
        <pin num="47" name="CAP2_NC" type="NotConnected"/>
        <pin num="48" name="CAP1_NC" type="NotConnected"/>
        <pin num="49" name="GND" type="power_in"/>
      </pins>
    </libpart>
    <libpart lib="PRO-OB-440" part="PRO-OB-440">
      <fields>
        <field name="Reference">E</field>
        <field name="Value">PRO-OB-440</field>
        <field name="Footprint">ANT_PRO-OB-440</field>
        <field name="MAXIMUM_PACKAGE_HEIGHT">3.53mm</field>
        <field name="STANDARD">Manufacturer Recommendations</field>
        <field name="PARTREV">3.2</field>
        <field name="MANUFACTURER">Proant AB</field>
      </fields>
      <pins>
        <pin num="1" name="~" type="power_in"/>
        <pin num="2" name="~" type="input"/>
      </pins>
    </libpart>
    <libpart lib="Switch" part="SW_Push">
      <description>Push button switch, generic, two pins</description>
      <docs>~</docs>
      <fields>
        <field name="Reference">SW</field>
        <field name="Value">SW_Push</field>
      </fields>
      <pins>
        <pin num="1" name="1" type="passive"/>
        <pin num="2" name="2" type="passive"/>
      </pins>
    </libpart>
    <libpart lib="Transistor_BJT" part="S8050">
      <description>0.7A Ic, 20V Vce, Low Voltage High Current NPN Transistor, TO-92</description>
      <docs>http://www.unisonic.com.tw/datasheet/S8050.pdf</docs>
      <footprints>
        <fp>TO?92*</fp>
      </footprints>
      <fields>
        <field name="Reference">Q</field>
        <field name="Value">S8050</field>
        <field name="Footprint">Package_TO_SOT_THT:TO-92_Inline</field>
      </fields>
      <pins>
        <pin num="1" name="E" type="passive"/>
        <pin num="2" name="B" type="input"/>
        <pin num="3" name="C" type="passive"/>
      </pins>
    </libpart>
    <libpart lib="ZLDO1117G33TA" part="ZLDO1117G33TA">
      <fields>
        <field name="Reference">U</field>
        <field name="Value">ZLDO1117G33TA</field>
        <field name="Footprint">SOT230P700X180-4N</field>
        <field name="MAXIMUM_PACKAGE_HEIGHT">1.8 mm</field>
        <field name="STANDARD">Manufacturer Recommendations</field>
        <field name="PARTREV">6-2</field>
        <field name="MANUFACTURER">Diodes Inc.</field>
      </fields>
      <pins>
        <pin num="1" name="GND" type="power_in"/>
        <pin num="2" name="VOUT" type="output"/>
        <pin num="3" name="VIN" type="input"/>
        <pin num="4" name="VOUT" type="output"/>
      </pins>
    </libpart>
    <libpart lib="cp2103" part="CP2103-GMR">
      <footprints>
        <fp>QFN-050P5_1X5_1X1_0-28</fp>
      </footprints>
      <fields>
        <field name="Reference">U</field>
        <field name="Value">CP2103-GMR</field>
        <field name="Footprint">QFN-050P5_1X5_1X1_0-28</field>
      </fields>
      <pins>
        <pin num="1" name="RI" type="input"/>
        <pin num="2" name="GND" type="power_in"/>
        <pin num="3" name="D+" type="unspc"/>
        <pin num="4" name="D-" type="unspc"/>
        <pin num="5" name="VIO" type="power_in"/>
        <pin num="6" name="VDD" type="power_in"/>
        <pin num="7" name="REGIN" type="power_in"/>
        <pin num="8" name="VBUS" type="input"/>
        <pin num="9" name="*RST" type="unspc"/>
        <pin num="10" name="NC" type="NotConnected"/>
        <pin num="11" name="*SUSPEND" type="output"/>
        <pin num="12" name="SUSPEND" type="output"/>
        <pin num="13" name="NC" type="NotConnected"/>
        <pin num="14" name="NC" type="NotConnected"/>
        <pin num="15" name="NC" type="NotConnected"/>
        <pin num="16" name="GPIO-3" type="unspc"/>
        <pin num="17" name="GPIO-2" type="unspc"/>
        <pin num="18" name="GPIO-1" type="unspc"/>
        <pin num="19" name="GPIO-0" type="unspc"/>
        <pin num="20" name="NC" type="NotConnected"/>
        <pin num="21" name="NC" type="NotConnected"/>
        <pin num="22" name="CTS" type="input"/>
        <pin num="23" name="RTS" type="output"/>
        <pin num="24" name="RXD" type="input"/>
        <pin num="25" name="TXD" type="output"/>
        <pin num="26" name="DSR" type="input"/>
        <pin num="27" name="DTR" type="output"/>
        <pin num="28" name="DCD" type="input"/>
        <pin num="29" name="SGND" type="power_in"/>
      </pins>
    </libpart>
  </libparts>
  <libraries>
    <library logical="Connector">
      <uri>C:\Program Files\KiCad\share\kicad\library/Connector.lib</uri>
    </library>
    <library logical="Device">
      <uri>C:\Program Files\KiCad\share\kicad\library/Device.lib</uri>
    </library>
    <library logical="ESP32-PICO-D4">
      <uri>C:/Users/micronaut/Desktop/ESP32-PICO-D4/ESP32-PICO-D4.lib</uri>
    </library>
    <library logical="PRO-OB-440">
      <uri>C:\Users\micronaut\Desktop\SeniorDes_PCB/PRO-OB-440/PRO-OB-440.lib</uri>
    </library>
    <library logical="Switch">
      <uri>C:\Program Files\KiCad\share\kicad\library/Switch.lib</uri>
    </library>
    <library logical="Transistor_BJT">
      <uri>C:\Program Files\KiCad\share\kicad\library/Transistor_BJT.lib</uri>
    </library>
    <library logical="ZLDO1117G33TA">
      <uri>C:\Users\micronaut\Desktop\SeniorDes_PCB/ZLDO1117G33TA/ZLDO1117G33TA.lib</uri>
    </library>
    <library logical="cp2103">
      <uri>C:\Users\micronaut\Desktop\SeniorDes_PCB/cp2103lib/cp2103.lib</uri>
    </library>
  </libraries>
  <nets>
    <net code="1" name="IO0">
      <node ref="U2" pin="23"/>
      <node ref="Q2" pin="3"/>
      <node ref="SW2" pin="1"/>
      <node ref="C9" pin="1"/>
    </net>
    <net code="2" name="EN">
      <node ref="C5" pin="1"/>
      <node ref="C2" pin="1"/>
      <node ref="R1" pin="2"/>
      <node ref="SW1" pin="1"/>
      <node ref="U2" pin="9"/>
      <node ref="Q1" pin="3"/>
    </net>
    <net code="3" name="Net-(D4-Pad1)">
      <node ref="R14" pin="2"/>
      <node ref="D4" pin="1"/>
      <node ref="J1" pin="2"/>
    </net>
    <net code="4" name="Net-(D3-Pad1)">
      <node ref="J1" pin="3"/>
      <node ref="D3" pin="1"/>
      <node ref="R13" pin="1"/>
    </net>
    <net code="5" name="Net-(D1-Pad1)">
      <node ref="D1" pin="1"/>
      <node ref="D2" pin="2"/>
      <node ref="J1" pin="1"/>
    </net>
    <net code="6" name="Net-(U2-Pad42)">
      <node ref="U2" pin="42"/>
    </net>
    <net code="7" name="GND">
      <node ref="U1" pin="1"/>
      <node ref="U3" pin="29"/>
      <node ref="U3" pin="2"/>
      <node ref="C1" pin="2"/>
      <node ref="U2" pin="49"/>
      <node ref="C3" pin="2"/>
      <node ref="C7" pin="2"/>
      <node ref="SW1" pin="2"/>
      <node ref="E1" pin="1"/>
      <node ref="L1" pin="2"/>
      <node ref="C4" pin="2"/>
      <node ref="C2" pin="2"/>
      <node ref="C5" pin="2"/>
      <node ref="C8" pin="2"/>
      <node ref="C10" pin="2"/>
      <node ref="R4" pin="2"/>
      <node ref="R6" pin="2"/>
      <node ref="J1" pin="5"/>
      <node ref="J1" pin="6"/>
      <node ref="D4" pin="2"/>
      <node ref="SW2" pin="2"/>
      <node ref="C9" pin="2"/>
      <node ref="D1" pin="2"/>
      <node ref="D3" pin="2"/>
    </net>
    <net code="8" name="USB_5V0">
      <node ref="R3" pin="1"/>
      <node ref="D2" pin="1"/>
    </net>
    <net code="9" name="DTR">
      <node ref="U3" pin="27"/>
      <node ref="R11" pin="2"/>
      <node ref="Q2" pin="1"/>
    </net>
    <net code="10" name="Net-(R3-Pad2)">
      <node ref="U3" pin="8"/>
      <node ref="R3" pin="2"/>
      <node ref="R4" pin="1"/>
    </net>
    <net code="11" name="USB_DN">
      <node ref="U3" pin="4"/>
      <node ref="R14" pin="1"/>
    </net>
    <net code="12" name="Net-(R5-Pad1)">
      <node ref="R5" pin="1"/>
      <node ref="U3" pin="9"/>
    </net>
    <net code="13" name="Net-(J1-Pad4)">
      <node ref="J1" pin="4"/>
    </net>
    <net code="14" name="USB_DP">
      <node ref="R13" pin="2"/>
      <node ref="U3" pin="3"/>
    </net>
    <net code="15" name="RTS">
      <node ref="U3" pin="23"/>
      <node ref="Q1" pin="1"/>
      <node ref="R12" pin="2"/>
      <node ref="R9" pin="1"/>
    </net>
    <net code="16" name="Net-(Q2-Pad2)">
      <node ref="R12" pin="1"/>
      <node ref="Q2" pin="2"/>
    </net>
    <net code="17" name="Net-(Q1-Pad2)">
      <node ref="R11" pin="1"/>
      <node ref="Q1" pin="2"/>
    </net>
    <net code="18" name="RXD">
      <node ref="R7" pin="1"/>
      <node ref="U3" pin="24"/>
    </net>
    <net code="19" name="IO13">
      <node ref="R9" pin="2"/>
      <node ref="U2" pin="20"/>
    </net>
    <net code="20" name="IO15">
      <node ref="R10" pin="2"/>
      <node ref="U2" pin="21"/>
    </net>
    <net code="21" name="CTS">
      <node ref="R10" pin="1"/>
      <node ref="U3" pin="22"/>
    </net>
    <net code="22" name="RXD0">
      <node ref="R8" pin="2"/>
      <node ref="U2" pin="40"/>
    </net>
    <net code="23" name="TXD">
      <node ref="R8" pin="1"/>
      <node ref="U3" pin="25"/>
    </net>
    <net code="24" name="TXD0">
      <node ref="U2" pin="41"/>
      <node ref="R7" pin="2"/>
    </net>
    <net code="25" name="Net-(U2-Pad16)">
      <node ref="U2" pin="16"/>
    </net>
    <net code="26" name="Net-(U2-Pad28)">
      <node ref="U2" pin="28"/>
    </net>
    <net code="27" name="Net-(U2-Pad27)">
      <node ref="U2" pin="27"/>
    </net>
    <net code="28" name="Net-(U2-Pad25)">
      <node ref="U2" pin="25"/>
    </net>
    <net code="29" name="Net-(TP1-Pad1)">
      <node ref="TP1" pin="1"/>
      <node ref="U2" pin="24"/>
    </net>
    <net code="30" name="Net-(U2-Pad22)">
      <node ref="U2" pin="22"/>
    </net>
    <net code="31" name="Net-(TP3-Pad1)">
      <node ref="U2" pin="18"/>
      <node ref="TP3" pin="1"/>
    </net>
    <net code="32" name="Net-(U2-Pad17)">
      <node ref="U2" pin="17"/>
    </net>
    <net code="33" name="Net-(U2-Pad29)">
      <node ref="U2" pin="29"/>
    </net>
    <net code="34" name="Net-(U2-Pad15)">
      <node ref="U2" pin="15"/>
    </net>
    <net code="35" name="Net-(U2-Pad14)">
      <node ref="U2" pin="14"/>
    </net>
    <net code="36" name="Net-(U2-Pad13)">
      <node ref="U2" pin="13"/>
    </net>
    <net code="37" name="Net-(U2-Pad12)">
      <node ref="U2" pin="12"/>
    </net>
    <net code="38" name="Net-(U2-Pad11)">
      <node ref="U2" pin="11"/>
    </net>
    <net code="39" name="Net-(U2-Pad10)">
      <node ref="U2" pin="10"/>
    </net>
    <net code="40" name="Net-(U2-Pad8)">
      <node ref="U2" pin="8"/>
    </net>
    <net code="41" name="Net-(U2-Pad7)">
      <node ref="U2" pin="7"/>
    </net>
    <net code="42" name="Net-(U2-Pad6)">
      <node ref="U2" pin="6"/>
    </net>
    <net code="43" name="Net-(U2-Pad5)">
      <node ref="U2" pin="5"/>
    </net>
    <net code="44" name="Net-(TP2-Pad1)">
      <node ref="TP2" pin="1"/>
      <node ref="U2" pin="34"/>
    </net>
    <net code="45" name="Net-(U2-Pad47)">
      <node ref="U2" pin="47"/>
    </net>
    <net code="46" name="Net-(U2-Pad48)">
      <node ref="U2" pin="48"/>
    </net>
    <net code="47" name="Net-(U2-Pad45)">
      <node ref="U2" pin="45"/>
    </net>
    <net code="48" name="Net-(U2-Pad44)">
      <node ref="U2" pin="44"/>
    </net>
    <net code="49" name="Net-(U2-Pad39)">
      <node ref="U2" pin="39"/>
    </net>
    <net code="50" name="Net-(U2-Pad38)">
      <node ref="U2" pin="38"/>
    </net>
    <net code="51" name="Net-(U2-Pad36)">
      <node ref="U2" pin="36"/>
    </net>
    <net code="52" name="Net-(U2-Pad35)">
      <node ref="U2" pin="35"/>
    </net>
    <net code="53" name="Net-(U2-Pad33)">
      <node ref="U2" pin="33"/>
    </net>
    <net code="54" name="Net-(U2-Pad32)">
      <node ref="U2" pin="32"/>
    </net>
    <net code="55" name="Net-(U2-Pad31)">
      <node ref="U2" pin="31"/>
    </net>
    <net code="56" name="Net-(U2-Pad30)">
      <node ref="U2" pin="30"/>
    </net>
    <net code="57" name="3V3">
      <node ref="U3" pin="7"/>
      <node ref="U1" pin="4"/>
      <node ref="U1" pin="2"/>
      <node ref="U3" pin="5"/>
      <node ref="U3" pin="6"/>
      <node ref="C10" pin="1"/>
      <node ref="C8" pin="1"/>
      <node ref="R5" pin="2"/>
      <node ref="R1" pin="1"/>
      <node ref="R2" pin="1"/>
    </net>
    <net code="58" name="Net-(C3-Pad1)">
      <node ref="U2" pin="4"/>
      <node ref="R2" pin="2"/>
      <node ref="C7" pin="1"/>
      <node ref="C3" pin="1"/>
      <node ref="U2" pin="1"/>
      <node ref="U2" pin="43"/>
      <node ref="U2" pin="46"/>
      <node ref="U2" pin="37"/>
      <node ref="U2" pin="19"/>
      <node ref="U2" pin="26"/>
      <node ref="U2" pin="3"/>
    </net>
    <net code="59" name="Net-(U3-Pad21)">
      <node ref="U3" pin="21"/>
    </net>
    <net code="60" name="Net-(U3-Pad28)">
      <node ref="U3" pin="28"/>
    </net>
    <net code="61" name="Net-(U3-Pad26)">
      <node ref="U3" pin="26"/>
    </net>
    <net code="62" name="Net-(U3-Pad20)">
      <node ref="U3" pin="20"/>
    </net>
    <net code="63" name="Net-(U3-Pad19)">
      <node ref="U3" pin="19"/>
    </net>
    <net code="64" name="Net-(U3-Pad18)">
      <node ref="U3" pin="18"/>
    </net>
    <net code="65" name="Net-(U3-Pad17)">
      <node ref="U3" pin="17"/>
    </net>
    <net code="66" name="Net-(U3-Pad16)">
      <node ref="U3" pin="16"/>
    </net>
    <net code="67" name="Net-(U3-Pad15)">
      <node ref="U3" pin="15"/>
    </net>
    <net code="68" name="Net-(U3-Pad14)">
      <node ref="U3" pin="14"/>
    </net>
    <net code="69" name="Net-(U3-Pad13)">
      <node ref="U3" pin="13"/>
    </net>
    <net code="70" name="Net-(U3-Pad12)">
      <node ref="U3" pin="12"/>
    </net>
    <net code="71" name="Net-(U3-Pad10)">
      <node ref="U3" pin="10"/>
    </net>
    <net code="72" name="+9V">
      <node ref="C1" pin="1"/>
      <node ref="U1" pin="3"/>
    </net>
    <net code="73" name="Net-(R6-Pad1)">
      <node ref="R6" pin="1"/>
      <node ref="U3" pin="11"/>
    </net>
    <net code="74" name="Net-(U3-Pad1)">
      <node ref="U3" pin="1"/>
    </net>
    <net code="75" name="Net-(C6-Pad2)">
      <node ref="C6" pin="2"/>
      <node ref="L1" pin="1"/>
      <node ref="U2" pin="2"/>
    </net>
    <net code="76" name="Net-(C4-Pad1)">
      <node ref="C6" pin="1"/>
      <node ref="C4" pin="1"/>
      <node ref="E1" pin="2"/>
    </net>
  </nets>
</export>
